title,url,thumbnail_url,channel,description
Celebrating Tito Puente,https://www.youtube.com/watch?v=MBzi6hRrkww,https://i.ytimg.com/vi/MBzi6hRrkww/hqdefault.jpg?sqp=-oaymwEcCPYBEIoBSFXyq4qpAw4IARUAAIhCGAFwAcABBg==&rs=AOn4CLAcBtzXQLvBmDzWhSOASuSZLKsd4Q,GoogleDoodles,"In honor of US Hispanic Heritage Month, today‚Äôs animated video Doodle celebrates the life and legacy of American ‚ÄúNuyorican‚Äù musician and internationally-renowned entertainer, Tito Puente...."
Lil Baby - Heyy (Official Video),https://www.youtube.com/watch?v=F-7rQBY8uIQ,https://i.ytimg.com/vi/F-7rQBY8uIQ/hqdefault.jpg?sqp=-oaymwEcCPYBEIoBSFXyq4qpAw4IARUAAIhCGAFwAcABBg==&rs=AOn4CLBhA4QAFPHUI1IQyl7LHIKXUukZ5A,Lil Baby Official 4PF,"Music video by Lil Baby performing Heyy. Quality Control Music/Motown Records; ¬© 2022 Quality Control Music, LLC, under exclusive license to UMG Recordings, Inc. http://vevo.ly/IFLIVM"
Town Hall 15 Is Here! Clash of Clans New Update Available Now!,https://www.youtube.com/watch?v=rvInpw0WGLc,https://i.ytimg.com/vi/rvInpw0WGLc/hqdefault.jpg?sqp=-oaymwEcCPYBEIoBSFXyq4qpAw4IARUAAIhCGAFwAcABBg==&rs=AOn4CLAvrkCIkJUDbjCRkDRRi2Jj-TwVjA,Clash of Clans,"Introducing Town Hall 15, the most magical Town Hall yet! ‚óè Power up your village and devastate your foes with two brand new defenses: Spell Tower and Monolith! ‚óè Evolve your attack strategy..."
"Beach Weather - Sex, Drugs, Etc. (Official Video)",https://www.youtube.com/watch?v=FgS1b2nU8AQ,https://i.ytimg.com/vi/FgS1b2nU8AQ/hqdefault.jpg?sqp=-oaymwEcCPYBEIoBSFXyq4qpAw4IARUAAIhCGAFwAcABBg==&rs=AOn4CLBYL_pubVBMUlRU131QmJb_JzYtuw, ô·¥á·¥Ä·¥Ñ ú ·¥°·¥á·¥Ä·¥õ ú·¥á Ä,Listen here: https://BeachWeather.lnk.to/SexDrugsEtc Follow Beach Weather: Instagram: https://www.instagram.com/beachweather/ TikTok: https://www.tiktok.com/@beachweathermusic Twitter: https://t...
Stray Kids' Bang Chan and Felix Catch Up with Eric Nam | DAEBAK SHOW S2 EP1,https://www.youtube.com/watch?v=DrFzn0sUetw,,DIVE Studios / Îã§Ïù¥Î∏å Ïä§ÌäúÎîîÏò§,"üì≤ Download DIVE Studios' daily wellness app (for FREE) at https://www.getmindset.com/ Daebak Show is finally back with Season 2! ‚ú® To kick off the new season, Eric Nam will be welcoming..."
"LAKERS at WARRIORS | NBA PRESEASON FULL GAME HIGHLIGHTS | October 9, 2022",https://www.youtube.com/watch?v=2U9kNnHvE8o,,NBA,"Never miss a moment with the latest news, trending stories and highlights to bring you closer to your favorite players and teams. Download now: https://app.link.nba.com/APP22 The Los Angeles..."
The Lore of Elden Ring's Eternal Cities,https://www.youtube.com/watch?v=WOJ5rCT_D6Q,,VaatiVidya,"Visit http://www.audible.com/vaatividya or text vaatividya to 500-500. Let Audible help you discover new ways to laugh, be inspired, or be entertained. New members can try it free for 30 days...."
Try Guys - SNL,https://www.youtube.com/watch?v=SS7HXxy3_2c,,Saturday Night Live,"A CNN broadcast is interrupted by breaking news of the Try Guys' (Mikey Day, Bowen Yang, Andrew Dismukes) response video to Ned Fulmer. Saturday Night Live. Stream now on Peacock: https://pck.tv/3..."
I Speedran the $0.01 Challenge,https://www.youtube.com/watch?v=XQUiabixHzo,,Ryan Trahan,60 minutes. 1 penny. 0 social skills Get Honey for FREE today ‚ñ∏ https://joinhoney.com/ryan Honey finds coupons with one click. Thanks to Honey for sponsoring!
Quavo and Takeoff Go Sneaker Shopping With Complex,https://www.youtube.com/watch?v=nu_OjsHg6A8,,Complex,"Quavo and Takeoff of the Migos go Sneaker Shopping with Complex‚Äôs Joe La Puma at Stadium Goods in New York City and talk about their love of 1985 Air Jordan 1s, their thoughts on this year‚Äôs..."
